,State,1970,1971,1972,1973,1974,1975,1976,1977,1978,1979,1980,1981,1982,1983,1984,1985,1986,1987,1988,1989,1990,1991,1992,1993,1994,1995,1996,1997,1998,1999,2000,2001,2002,2003,2004,2005,2006,2007,2008,2009,2010,2011,2012,2013,2014,2015,2016,2017,2018,2019,2020,2021,2022
0,Alabama,102.7173078907846,98.51640341427552,104.9847885635046,109.6180743792195,108.8319482836151,107.8278915343067,108.123429270475,111.7153845447729,106.6656647508697,111.6182401301944,107.1726086994112,103.8295218288078,90.9887957539102,89.98673042726229,95.38980097399784,101.750498858886,101.8502516668857,103.9666042517881,105.2215706894474,110.0067376099079,109.7515985985415,114.0553961220242,120.9753011169592,125.2853988523322,123.2090900570661,130.9912467601781,137.2173717440556,134.1199758359575,133.4763195140281,135.7809392806354,142.2986123969374,133.3203061039458,138.2959633267074,139.7897890756718,141.9751937232107,143.5316890190549,145.7686891831597,147.286933186749,139.3553767125349,119.6956739810066,132.402003433117,129.355022591937,122.4381814232588,120.1310494062941,122.3142620437094,118.8116866058797,113.4185993784179,108.0721060879028,111.9073746265103,105.8312107183542,97.97747563813013,108.3090505549899,109.2911226803698
1,Alaska,11.35898767263709,12.64621451636351,13.43535606374494,12.50600937895341,12.79386902538591,14.54527743204569,15.99144847767951,17.98478708353239,19.53062858372262,17.52719417599573,17.40824926145171,17.08801895554451,24.00873511998707,26.00989634333778,28.71494807905149,29.02189191310795,31.44185640144931,29.79344233859228,30.29887660161507,33.33298648291967,33.95788271977349,34.50417306302501,35.87501514573632,35.71267005116831,35.53439669441376,40.03165489060793,41.10930687832358,41.20716402565309,42.16178738997676,42.78248089020232,43.57904359868526,42.54894906684664,42.73506574224383,42.89520039748729,46.2017650922762,47.49027816892542,45.42211522866152,43.65327769524435,39.0792141961797,37.24706640606509,37.11242740362893,37.02302733922234,36.0996552909858,33.96204091534326,33.8302603289099,34.93489024817335,33.30800486481164,33.61204402194207,34.39255573276979,34.15753434050561,35.91588353111686,39.70628079649395,41.30434032711523
2,Arizona,24.93773895912575,27.03160640871993,30.25754239061949,34.48424143667685,36.77265303831322,38.24853537421795,43.806706629444,50.52814957807099,49.31016724848392,56.17060425193937,52.88143504989799,59.92273114930855,58.49399086465753,54.17783049845298,58.5387810742322,61.08424755065612,56.27793707259961,56.38037570419979,59.58796005070898,65.4895389042915,63.09364393604728,63.95365781789236,66.7911186001394,69.07297707824375,71.78972060211898,66.73661061379784,68.57931173246493,71.72736291872008,76.71763547341844,80.61683694180124,86.63955173085533,88.85943125465374,88.26600926876847,90.49237695687123,97.2860692162415,97.28325051235262,100.4846973944082,102.3348415203106,102.5896831647941,93.74966225405234,99.40164820169439,97.48282778023197,95.27050816918265,98.99428745566608,96.998364698636,94.59701572940712,90.36235284738913,90.00632958209756,93.64765586038197,92.11216256102783,79.67862156299617,82.63108738006389,81.42692572616896
3,Arkansas,36.23849143157115,35.14737415111528,37.24651054908821,40.90453880090865,39.18108156772215,36.41706757596597,38.91465210572839,41.69808715836795,42.46108362506106,40.29932863711408,37.52716601841826,42.99621222738586,42.76237431594302,47.14434539257704,45.02940279518513,49.18702963378156,50.03711496791614,47.07671618974901,51.00212958570829,51.33205061593177,50.82755405422068,49.76954234111316,51.3907655014691,50.43768547476891,54.29311975377191,57.65878428511736,60.18729398934284,59.13778472860755,60.49145697113774,62.68339655020949,63.33563047567392,62.49264100101757,61.19122142102277,62.17813389031116,62.49778196464227,60.22271884808688,62.09377492212479,63.37370992399946,64.16382336898013,61.44929136903399,66.00527949147508,67.32201636395241,66.09809691670817,68.24197730081445,68.66375803954203,58.77590781112033,61.76539072209983,63.82274191650759,70.4512143279954,64.77883650746816,54.42076213429621,61.72759962735614,63.18254157264382
4,California,294.6728291890335,306.1288670993737,313.0016753040771,329.5362749862044,304.7279111165776,311.7144475376234,327.1041368235449,354.6744191470802,345.3589281267505,362.141213085233,344.4010554528435,334.4838259898127,299.1090558220279,293.8182023607276,315.7955985139932,320.7219525559479,306.7415383846971,335.9415587990718,344.8251625049814,359.510019950868,360.3355912006328,349.0153075713663,352.8425676582984,342.125962194927,359.0400303043343,348.4837136010242,349.515993849425,352.3460950980908,362.2031659419279,365.6294692996157,382.0476170703773,385.3093939057229,383.729082662956,374.0042599098739,391.9671315161794,388.8458602886592,397.5303260172186,402.3130907817424,383.7963832039053,369.8014525212097,356.1373031813891,341.8289554666699,347.8948260630518,348.2941129534569,343.9677647586133,349.6599946241604,351.1640675505194,354.4720390329474,356.6807924197312,356.5131977418893,301.9629996965288,324.079546039191,326.2053606609389
5,Colorado,43.05766094074217,43.62858120057646,47.50942838418725,51.11247364769481,50.519444944912,51.83380652497676,55.16568887273615,58.33999803620809,58.471685578622,58.92729088893578,58.37105613264269,57.37983266734698,58.55972502988225,56.79458588567405,60.51233965133625,61.1754299235638,60.35049041561929,60.96525787456591,63.25760148386001,64.54691127437707,65.78982045789857,67.46737538614882,68.52016922656956,72.04460287222835,72.566282382797,72.66560411184103,75.63197266317084,75.79806833249302,78.1002166523413,80.18011411314254,85.25135618169755,92.98414700246636,91.26924237625829,90.68429138493407,93.22972121583564,95.43940621547269,96.28031927853196,98.94670689095004,97.03929710728453,92.84102129654728,95.5456421980441,92.13587596465902,90.82009411774688,91.67482939386485,92.30546369006925,90.79349672819974,87.85021932599261,88.16631980889132,89.412317926004,91.09926526074995,79.26408731398486,84.6632576613188,88.68517254583907
6,Connecticut,47.83972310545766,45.90161123060155,47.22293155949085,48.58580851485169,45.4339668444636,41.69595150804678,43.44147167736342,43.05984572556156,43.97797655259578,42.03447616469526,40.14530240194355,35.37190116015186,35.40087915980148,34.77324979351472,37.9665315219297,37.86313894991627,39.52550616719569,39.72147379812496,42.2405285497729,43.72424280642984,40.43993887355042,39.63442521023386,40.07155127447993,38.07147601995104,37.38657573925597,36.70960474738827,39.4151830424062,42.3151817194575,39.90700934419919,41.15880921933168,42.74895061313894,41.5658036941953,40.04153079608418,42.95377174384425,44.69002429136625,43.88263172041239,40.89841542227165,40.11541576980935,37.64297433857317,35.91573701505529,36.40459175320904,34.96592025607755,34.1976490314926,34.53227785336121,34.87003981929947,36.19287704005605,33.92855959013171,33.7074655979387,37.23955621618657,36.49493995869391,33.6528108017636,36.33157405147661,37.04187257053167
7,Delaware,16.05156686423583,15.9073611439613,15.99163815667491,17.22157671933111,16.63642752288721,15.5181617404334,16.13181943337753,16.11636295321536,16.1625342013913,17.05691340314875,17.46589060331297,16.33492881677676,14.68718437633804,17.6580161634948,18.42544678488671,17.35693844614289,17.13732357151945,17.90383043361627,18.49497201536373,17.75529417693773,17.75585228153303,17.64146911146369,17.53727515110461,18.89950637246677,18.25757822874122,17.46719839911531,18.10321492310482,16.79630051678226,16.14340854174853,16.34501086620962,16.64839665179764,15.96906696761462,15.81027967244112,16.52816038413558,16.55168316897281,17.33304639656374,16.21825628943576,17.09346297390094,16.15939920488392,11.91198768843855,13.06307834192315,13.83957286109759,14.56143161128779,14.00107192567906,13.73414156628323,13.85641269115299,14.3622933989451,13.7127444082009,13.93211486682654,13.54087538595061,12.15864588327677,12.65958305435424,12.66498770450616
8,District of Columbia,13.64224532215497,11.87734807948586,11.3061098729756,11.85058265891766,9.849624898871523,7.890091994633143,7.690561429986439,7.922985288345976,7.450558342513564,6.045610016900586,5.249779558995683,4.691592696038668,5.181077634056916,5.024933641356341,5.23852840883691,4.737279469221733,5.204172466781787,5.000577695966745,4.903364288654908,5.040162995330164,4.436120001998537,4.384350252082315,4.361370266183719,4.537420619273463,4.501575915467702,4.419773575508622,4.378345273768412,4.256331570835112,4.06599327131799,4.142948670196339,4.313146011056003,4.08294089149919,4.186208831852838,3.953544426373899,4.021232964060778,3.931431761152205,3.186893665063688,3.379604920871122,3.079108176334393,3.17588639162328,3.214525877823097,3.079667759491124,2.645524928692248,2.817116212544834,3.005878220842167,2.949981737172864,2.748439329569521,2.578868159207711,2.851156348011414,2.799149397007619,2.393872935650357,2.581308213079649,2.645821427806479
9,Florida,104.4037069739193,111.5551483488764,121.7280527139909,132.2945657865036,124.34642938109,125.9878939332585,134.5776177408072,138.2404356091497,146.1579449127954,153.4806003335972,155.8219696336864,156.170757498363,140.1331356293479,146.3903463356753,144.03377326873,152.6543075767416,163.6009879314405,174.1105822492942,183.9820908719081,188.253143857191,187.5794434371537,188.5758607995342,191.0422096956079,193.7466758967548,201.1947885620914,206.8464095885922,212.5002718584947,217.8288423198215,230.3087796592917,229.7755185074587,239.0574356765869,237.3888536664724,241.1619032202419,246.5367486377571,257.1252005249955,260.029085719029,259.0697497911585,256.6768001617448,238.4615214972854,224.4426203400248,245.2535920425059,232.056064592774,226.5940714046831,226.305203259257,232.3785747683411,236.4948534878919,237.6498922548394,237.368371386861,240.9469202645911,232.6305318556146,206.725203754071,225.4111047517123,231.0012543923472
10,Georgia,73.60233519436318,79.6435835071401,86.84165722839244,93.19813876142466,91.777574752127,91.52079418698588,96.28969482098304,104.7522197990708,106.5848122440949,111.5233166315776,113.0869459467199,113.6376941682432,110.171517203023,117.3340696516328,130.0887905395679,136.6575950304903,131.3897668669853,136.8647765886631,139.167212683886,134.1927246517639,139.1035031630371,131.1135420785006,130.7866695146995,140.2478788935913,143.0566919117329,151.5336402863539,156.0658130940755,157.1067952638324,158.3180923488821,160.9256834604236,169.6470844186921,161.5892961191732,166.5402978791882,170.3957708339798,175.2556438362359,185.5484510489339,182.925402379296,185.5512318804287,172.5790941751435,162.8366101887402,175.0142010254243,159.6913292925331,141.318592729406,142.3455986603787,147.5506614302992,145.0179807935318,143.7581449148424,141.0068895733481,141.2682660646838,135.8716329353938,115.90995859504,123.6172169247867,124.7557771356631
11,Hawaii,13.92882616864987,15.05355681084744,15.49260908857671,15.9470729391866,15.09935215066719,15.20413032492658,15.61260420214851,16.66201291642565,16.97872703029952,18.36852070070001,17.92729424418874,16.11706712178425,14.75740676563439,14.75893350434249,15.70725760549702,16.86583384369754,16.50092497103483,16.59850381563495,19.48336135511023,20.33030883377143,21.22610824001035,19.32400598442684,20.2927394138641,18.56594290772349,19.84816329116299,19.83633765543539,18.97851239819214,18.54307839908262,18.55090614855428,18.25590635880152,18.56835481327512,19.01778770350266,20.27676307926445,21.34336997695231,22.2940400924665,22.87811014659454,23.08498484874777,23.84207288791866,19.11582319683977,18.65595210474579,20.26416835460572,20.45624791522844,20.12203173099109,19.95292002823574,19.40834728649714,19.58972128613751,19.60440104022134,20.22308705474361,20.09019437624203,20.339676833049,14.75650028070847,17.17231941853435,18.09118786926743
12,Idaho,10.2653441305108,11.08378753904989,11.66074329633023,11.97453840352357,12.09239376260277,13.15131058123056,12.93692709331827,12.89261737286238,13.3125577806747,13.34528914753603,11.22229181532657,10.17233000546229,9.764553214305728,9.647332601266514,9.76628050621552,9.945784833365158,9.812930348397673,10.06826795145335,10.62923887220107,11.22150576794035,11.36533998580422,12.03370821604947,11.30956776799343,12.39659585566841,12.53416548976505,13.32246484898459,13.77802981349085,13.77983860458742,13.9978064422533,14.88975460814157,15.69270586577412,15.57721166606273,15.01079177856429,14.48792600504578,15.68493293511317,15.78771585646776,15.83032688599401,16.30263337187302,15.49629098218669,15.13557061466258,16.22434874453672,15.88901896104968,15.69975002854019,17.11613725514825,16.72648644122606,17.87132344568425,18.12027517631213,18.49902649128745,18.83914665422336,19.8950965476787,19.1662752843477,20.31993898640706,20.71881829021328
13,Illinois,247.3281622734721,243.8708834732782,253.4338789318182,257.099692318353,252.1416226698719,245.5052362792128,254.2918323951687,256.397448171016,258.9431044479165,248.6944074358346,230.3859626370856,212.7758445708863,203.0200162536885,209.6212978967345,206.087216697923,197.9681154591277,195.7572562304858,192.3618517381626,197.3987136965519,193.7520372218986,193.1382474682592,192.9441013551216,189.4032445832617,203.6592001845168,203.3251651121716,207.4285099636244,221.9327580217802,225.281748866792,216.7872567038563,225.9617630607082,234.1175219979039,224.3737474681408,226.5683848820168,230.5468278539981,236.9979196747492,243.5948862483449,235.7405271822187,243.2635174594793,241.569997675656,226.3079904480865,232.4516498870589,231.0866682692281,218.0076512017037,232.4115218612359,235.4610335612371,217.7080164387504,205.7893567490316,204.2975085231892,211.4533552900294,202.0997782111582,168.5371156768169,183.3604196516236,183.6917694625487
14,Indiana,172.0135159654852,169.1466133631195,184.1054626784032,188.4690244044863,181.6097119468097,179.0311964983197,181.4111113693422,186.3290343919284,185.6358105048967,192.8595246064296,184.0420598105665,179.2489295779575,162.1226876416804,168.5020929032962,185.3758349555724,183.0894252642714,178.6172314985917,184.8414438925542,195.3002712823594,199.6711134473716,206.2695188156929,202.6546716859031,200.1332459540501,204.0650796262406,203.8038758748195,209.172257762592,213.8704145332134,217.7141763120211,219.3865771301316,225.7866665453932,239.1725547671888,229.7525537563488,232.7289418416401,239.1318761374724,239.4046561200875,237.9729475297269,236.3330244720996,235.6125281537435,231.3547256269411,208.5989926794443,218.0112939868472,209.2697257130072,194.917480826066,199.283587536862,204.9914182638831,186.397694811899,180.8609060934269,175.0470519099424,188.3756078269689,175.4090864157609,153.5996117167864,165.4416539418082,163.1863961171374
15,Iowa,53.52647476724616,53.44954734332472,56.45263493588814,59.52129425261128,56.2163705707767,55.20147509850997,58.56074544299594,58.83486508218834,58.12377033981711,63.33645202329936,59.17896426782222,58.68318366720483,57.71044835822268,56.59495750079969,57.10745269470573,56.14986347474493,54.41111126763001,56.20051240168222,60.43500406981401,60.33105121457463,61.20516462690175,63.36640406440795,61.58398269670133,64.56962844881053,65.70066912472113,69.08411828250874,72.15965895160909,71.71389253378584,74.56514499715837,76.35809162427134,77.7925361221314,76.56794436974346,77.06500509131986,77.15355241043807,78.453683623868,78.39554358420392,79.52937286576416,85.34154207604344,88.63515000925977,83.57710640181097,88.37157086400367,85.37078497638252,79.46929975474305,80.52687082252194,81.48487612328259,75.41185142263124,71.95746475384233,74.03219625963659,80.0853045348445,75.33916378805982,63.56505928242029,71.1654093421818,71.48496856488588
16,Kansas,51.15625570992002,52.8672951085568,56.15650581426354,57.12254856450259,57.46095282190823,57.61495943231697,60.55571274055018,61.97985356876845,67.73691782298488,73.09278746375034,67.92815193479932,64.69229199142953,63.3101823200339,63.01726934254562,70.87430510863277,68.22164028134611,65.32260454263454,68.48071254480556,70.79783652413236,68.81693991965793,68.87445588862386,67.78069850228447,65.2945805672677,71.35185513097471,71.58628577904015,69.51973102542831,74.59073816640465,71.20160591398387,70.05928715877324,73.21448692687805,75.79034552799477,71.81013767522096,76.2756926830618,78.76878873526617,76.5613307893294,73.02270004696976,72.83427540468182,79.01385092502497,74.9734190156583,73.11143203135191,72.55520689292122,70.57110240093112,65.92814109036483,69.47900653285691,70.04019468306406,64.1926588937142,62.2380603000134,58.68208749067286,62.51704855184878,60.16418835757182,57.40983610139602,59.51744676877472,62.14673651487222
17,Kentucky,86.3274074044027,88.48345788226837,94.1556628629062,94.49366674072101,95.24805050904742,91.2653251432809,101.0398362631669,101.5761663895777,102.8473341965329,102.7070886502118,103.8569756766073,103.2073611950883,98.45151925967444,100.532532736169,105.1784257912635,107.9395175525865,111.3047869848877,113.1253414342352,123.2490917949288,119.3789925547973,120.4683021566945,120.1489944852126,124.0748903677132,134.5634494442193,132.4366464765478,137.8957491541736,139.06520081709,142.9038162535709,141.3018045063079,146.0769896994627,146.9862720832582,150.8839335133199,150.961116592841,147.4210620858609,154.0027927308006,155.8438070680475,158.5585941098107,158.3150827340856,155.6671498194998,145.7581376012165,152.810638656247,150.96040622167,140.3874369491416,139.305367904634,139.9536622732938,130.8948751378778,126.2414890164546,116.2583403766834,122.2086919383797,114.2098282257142,100.7713375824038,110.792729332622,109.6009105548738
18,Louisiana,144.6774882717282,147.2910780234259,155.9413825440089,169.5253745258563,172.8721232093596,160.3124900824327,183.3155553087431,205.6276519402289,213.1848717726155,207.7910810779599,198.3501030788255,198.4233557710153,181.5382531757874,169.6554686371762,175.6878538188006,165.0965691911293,174.64050701883,176.2980079219356,183.512144301142,187.6753080626891,191.5040022836697,190.7590624296364,197.9127446875588,200.9465620973312,205.8451773460263,206.7401362272551,212.8528872514455,221.1004288329999,207.7061669307737,205.9451360008074,220.3687523093155,198.4624859845122,203.8972842369244,200.914053245223,207.1386903052478,201.240024999704,209.8818295248203,210.4138341461322,203.9374041790977,193.1501010671326,203.3135344410094,207.5290401640243,196.7591165612587,188.4382468598751,185.7346460102717,184.8314248541149,188.2814338024938,192.6274229496445,194.0433019822012,194.4846528509106,182.4723092555467,187.8626392607312,191.7695603499558
19,Maine,16.80586776144531,20.57818777037591,22.15918556109233,21.31463841084862,18.74431687074339,16.07259405930044,18.65864710234528,19.00629892180477,17.66698916379551,16.21421444919983,14.6050448223162,14.36259347933131,17.42168361092014,13.31510592083949,15.1716124415015,14.77215832055334,18.58375683212193,17.43578629597079,20.43827820816683,19.12382665855523,18.89621396881708,18.40247786293459,19.24234694875339,18.77876856363858,20.14799738537408,18.84682361841647,19.33999563812012,19.58044426645123,19.25404915831059,20.22946176758348,22.24811050193918,22.38285296661676,23.8875879450691,23.782769426231,24.07072265306227,23.0743603392608,21.22906384328544,20.89944289178748,19.01428639486364,18.29989525939132,17.72964691728197,17.26225582414901,15.5735207127454,16.28258387211342,16.36715860059069,16.58795734745701,16.03750225613354,15.23087031447834,14.66819489892389,14.33840578156241,13.40951529605712,14.33529784796477,14.94015294813575
20,Maryland,74.21412135625135,75.39485344800124,76.27709962719969,81.7621574456229,76.37124491922906,67.152053073444,72.64557692978495,67.56779637003828,70.21592118150244,73.36944611118864,67.48828499277846,63.19351049718949,61.13865221711308,62.42920505977446,68.71400336445801,64.82596794160534,66.56200521266294,71.15708944225896,74.05790169621179,77.28547780725023,70.37932853969053,69.33950647230996,67.47321960098577,69.64873036292232,70.79518941364428,70.44045380927857,72.62062486851254,72.76036662995416,75.97395548390358,78.5267077754933,78.45431360717882,78.95245132612567,78.92702345801948,82.05281096133635,83.21248826023898,84.82293874579005,78.14685103234883,78.45266819559397,74.53510696342423,71.29860031708947,71.32619413693251,66.74865808487068,62.22848135944267,61.41495327870887,63.97517574629889,61.9769141373324,60.11149335154803,54.72231645799075,61.39826313379059,56.62069569228438,47.6911961284112,52.25413432572923,50.56469009014069
21,Massachusetts,99.58181288970616,100.0406848426359,103.9048805429879,103.2547510165234,94.4491901117685,91.82753988266019,96.55879497205194,95.27895466133663,93.52301641301673,80.23277771725735,76.7995008595137,72.28016058302308,75.37285448963793,72.77402240984965,79.8544735750379,79.22678642852074,84.66392423722556,85.51197974585125,85.30445071374,89.05089497446238,82.93112537389428,81.7272786747494,83.70996916975218,80.8631324189714,81.09714429508787,78.52033743903836,79.15318631667105,85.18320215446984,83.08776380795022,80.72435773184345,82.29776265424961,81.98886961939525,82.9455752971736,84.81329309037555,82.94929275352337,84.36036353702478,76.55396993491571,79.85590465390074,76.64942130259999,70.32394791356491,72.72953677416905,68.64476909562558,62.3699119226497,66.27104434479706,64.75525868552761,66.50839027157099,63.792904992736,64.46953410608407,63.87134292965771,63.12250136831192,52.05606130598768,56.00091908225709,59.20340888558061
22,Michigan,186.8794279419598,192.7572648326035,199.5008330573384,200.0726817654714,190.4532797849475,191.8744867856073,193.6161655683475,184.9926622096947,188.6752024266503,188.6830167642688,179.3210459713823,169.932420137337,158.1439756695541,155.143057279367,162.4292256144093,166.3788354646658,169.9315668679157,173.6519812187908,180.5061126275966,177.634992834311,179.1927164088371,177.8223992891376,176.6621698750721,177.3765994548972,184.9908190691206,187.6015863494097,192.9679786846697,190.5920884085366,189.8264729559686,197.7025929587417,193.7345944596694,189.2310150229628,188.6473934387362,186.8874923803985,188.6405074374964,189.8649496614917,179.1284299287454,181.8026054190691,175.3824871533894,164.5787344723244,167.4705099274713,162.3453423049804,155.2713017646168,163.6748057232547,163.5348399357704,163.9799354940159,153.9134294508446,155.1567260360531,163.1689266168436,158.6064962815779,136.2241215345136,147.3263964138143,153.9643909645232
23,Minnesota,69.36854375821252,68.54156177690218,72.73368701148291,76.04608970964874,74.61865275318479,72.81853572583846,77.852422618369,79.45452306678295,80.7273831510204,76.89864445582943,71.4232054856999,67.08079400681673,65.16117893712034,63.28160693689676,67.89199397077756,66.78579484114628,64.40858336022778,68.54839972433174,77.07199677424484,80.0692059025761,78.96424225872634,78.99816073336633,80.52745199690453,84.60100113190211,86.13064807899171,88.90205100655119,93.87306887359955,91.61536628476107,91.67116806673637,92.502994023918,98.0753802028498,94.84277395483922,97.17054259295293,101.8036430484908,100.7097652385577,101.7098406347235,99.0683052262461,100.5516079077605,99.94366138357977,92.0715353960774,91.75839463390956,91.1912652563981,86.21901850969022,90.46944455891247,95.54027830812258,88.95449366769813,90.57348114170183,90.81261238660228,94.2995384013785,91.70837720123333,77.97533434183457,82.88072724945941,84.41335525562567
24,Mississippi,38.74036326701297,40.56138515849873,43.37785448676764,44.1357521284813,43.3889693453166,40.8975142043881,43.40161768827217,47.29618441913362,50.1459182986633,50.43290312744749,47.66011972445502,45.17970203037002,45.47350112614049,42.83410426158034,44.5380030562962,43.73217503046975,44.76255281682784,46.33210940253576,49.33730522008273,45.98641893207616,48.38887063637939,48.12406354184129,48.22872545044304,50.48942202220912,50.14034043324005,51.55806928361288,54.42048212517185,55.77990794940972,56.6088301309767,61.40476743042887,61.34376787043987,69.77958757653796,62.53060055996659,64.10244712596976,65.68514383247286,63.96343027899901,66.20519548984046,68.30276488486476,64.72629131595774,60.55198535349548,63.60009239006158,58.40360869111001,59.96532868077246,56.81544018783873,59.51917729018871,60.99305545380684,61.90199849867476,60.08124116923569,62.87859698737014,62.22842072330777,62.76887633097802,62.69482848370156,65.06764661789713
25,Missouri,86.67660862878957,89.10240503512662,94.74356087525562,99.98041372498578,97.71230855841824,100.9326827914049,107.2438037700903,111.3808868730902,110.8937278169866,110.0408615752263,104.5333285780052,101.8521222124027,101.0658744321537,102.6065499228528,106.3186112158154,100.6633049146049,98.8093466586077,101.4579253226371,105.4100138160377,105.6971303800638,102.9838863040371,103.3996999730085,103.1986177638521,101.1726181877317,108.7649141604636,115.9405808208881,122.3876556161914,125.9077296438617,130.9470668009193,131.5050262228945,126.6388033645462,132.46203770119,132.999643733704,140.4723317252633,141.4720910007348,144.2475869942386,143.0166373656446,141.5344615925499,138.273619070884,131.8908870334063,136.7753829972066,136.5140560841791,128.8102396588153,133.5175173890135,133.0265075402614,124.251692333983,118.4053400343506,123.9426022745293,124.2586739869279,116.4873622209673,108.1818320646972,116.4274326062183,112.8734373101804
26,Montana,14.35814459759418,14.85222346965958,15.68486541756064,16.98327086592349,16.54552233478907,16.799067543946,19.41725306204206,20.6027763874894,21.284896544634,22.72052066159009,20.27428522846754,18.67525893852692,16.34934190453247,16.62804811889771,20.62749461227099,22.12686267021935,23.4881243213088,23.51745861443971,28.61259876538907,29.02482520507603,27.92878111339034,29.14491121109502,30.49491359318573,28.05060687080707,30.97321903147585,30.65517328022868,27.89046603018095,29.85488167433756,32.01817940326102,32.76213089553124,31.73233322129678,32.0424663405372,30.93728699158139,33.10519691116024,34.7554429396391,35.80407862751502,35.99644006116536,37.97954732863592,37.1922545716771,33.07551577109099,34.91892322509857,31.97449818230557,30.68585219203058,31.99321836017924,32.45173106938164,32.40282833413394,30.96607020714918,31.08230982239307,31.09679549169469,32.13673529144603,26.08015640100099,28.33776825594471,29.49889468310521
27,Nebraska,27.56038377116738,27.54694930610353,29.51080072772243,30.21778974759453,29.10045510157449,28.75524801731749,31.24448814012292,31.24427440634985,30.84493851344145,31.64218836885978,30.19056320809354,28.38245126711311,28.86668228338678,29.9260457225221,31.60198027075101,30.52370478517229,28.94381672117743,30.13220386027457,34.08374794400242,32.55336925033799,32.88397668496392,33.82132524353165,32.78393914552512,35.87181118075675,35.78648991898143,38.4008890760286,39.54763756779813,40.90009600377618,42.90362118697762,41.70894345971419,41.64664915936582,42.90047967921998,42.33782140771542,43.62331496674171,43.38591377841639,43.77932371126118,44.29457327545616,44.60458656896803,46.63718382439386,47.23961063555304,49.94125437025926,52.30844770933525,50.48650212348356,53.23613404056705,51.91166858386148,50.45741936837007,48.02869886089626,47.53998889313646,52.04077806472348,50.2020618640132,46.24314820117299,46.99788772119917,48.06628984288687
28,Nevada,10.7789749846989,13.79894027835263,18.92681417347861,20.10654267240593,20.40728694170416,20.95845652209707,22.2430017358362,23.73181198015971,22.54200631851794,23.46153968095998,22.36546479201321,23.88672292630878,25.37130069034349,25.21882865642666,26.48220956132883,23.47276452450942,27.124215145003,27.49921815441478,31.43078564192033,31.43706102048533,30.75983946228574,32.70235700536649,33.72104785775116,34.07640631636666,36.30531223886189,35.48656016961676,38.21926458163414,38.1591966552,40.81789780826296,41.42452126117141,45.63227073037005,44.79814749269832,41.67722381618764,43.9704112194166,48.09494580286159,50.18082713273043,41.68047363234248,41.83138589903194,40.95173131328282,39.46139320425667,41.36054965042152,37.8445629801162,37.85722565407396,39.61343888771942,40.44353048920359,38.37371748435443,39.78067159734119,40.01462884385928,41.20969511919144,41.58735098964256,36.01974975525923,39.3769202295905,40.38722571418911
29,New Hampshire,12.82634791807248,13.35884391596126,14.09027270937734,13.60342434356149,12.59005645413358,12.58575870309709,13.64816195887525,14.1050451520859,13.55924307169238,12.90977528214903,12.75433878422558,11.47757602421314,11.19734129256537,11.19559460158321,13.00515611261141,13.23455227695866,13.93100017824326,15.1927742618672,15.64549939913009,15.8384896386802,14.59423284507914,14.28450607744241,14.40811492459306,14.87407458589964,14.93076538086131,15.05324393055144,15.24432700187428,16.50382434576695,16.52387166501702,16.688919248197,17.45939291083901,16.95077083937813,17.66983731832843,21.02774641395606,21.96973518229982,21.25355358833788,19.38859044375392,19.17850660513845,18.7305924179798,17.06646213091679,16.73749691145593,16.33465461007317,14.70517823973193,14.40707199620517,15.11470346469556,15.22799713909512,13.75091779960457,13.45346136174902,14.18155328240129,13.88221593643673,12.40171333767352,13.27405977262654,13.80155008537251
30,New Jersey,129.5255096621053,124.9788152942728,127.8854994297518,131.4884913406173,119.8489872594677,105.9602423030534,117.1659300348515,113.157064380544,111.0421648960881,109.848450891539,110.4325603666301,106.9447700989868,109.0653257320522,110.5420971455864,116.7571807610183,111.4383679698362,113.5045308663713,117.8912206599891,116.1297272754724,120.7514983455467,109.312717753758,109.7762472198626,116.6587925888017,113.6388721446565,123.5445855988288,123.2668393538212,123.3956214495255,125.0292606219299,120.3077046008304,123.7846970282618,124.0367553840586,120.5716139487912,120.6098340341575,123.2600268380895,125.7888771590167,130.3138794717449,123.0087757090131,130.6659908102641,128.1829573654528,111.3090454705612,105.4222812998324,104.7544248064336,98.7393028632374,100.0419436275446,104.4686918322499,103.1928337672148,104.9937175934206,98.84634473200845,104.5952505270454,100.4130062704111,83.35058100363545,88.63079307673173,92.5172565030579
31,New Mexico,35.02544520064341,37.29747197866154,39.74554210132808,40.10912993381269,40.60999875621271,39.24205276980508,42.02969897687981,41.77113258587275,40.14959044659133,40.60651724498247,44.92732822472269,44.10916490084438,45.21614575450914,48.71721866135499,46.05952932406043,46.67963146422586,43.21530403003494,46.42446310269297,48.16664650097369,50.47820646620063,52.93018573210377,48.31133206936533,51.03756224708251,51.83523023158909,51.73735267199976,50.36214686976161,52.4794659346967,55.82345972903482,55.35655211597,56.26857283954612,58.24877618307523,58.38006049433567,55.45386377103492,57.85901434480765,58.90157497898484,59.46852509333277,60.39342088631653,59.01430322621116,56.78007629802526,57.66660777078076,53.85434608821758,56.16246135830342,54.06763653566429,53.54506674359737,50.38065091879735,50.44614667943358,48.53262364543622,49.29284212344467,45.54044836085303,48.63715511141613,44.89666074141058,45.72463712989924,46.45297186999303
32,New York,284.9405948226376,277.0847783006956,274.1129537589899,280.4010774957281,258.8163218487875,244.482737658435,262.6106586159897,259.8173623730717,254.5414762215873,233.2025234221732,221.7016884712216,205.644648835527,195.498599496849,177.989161019175,182.9912097067188,187.832727870092,190.6643340191715,201.5534179377408,208.8956419442797,213.7685036020341,207.2772436373192,199.5013042911031,198.979045388429,193.5626454155025,191.5877542239012,197.2766543878035,199.7822247937995,204.1135048311496,202.9387354034369,205.6185852115445,212.1440222623572,207.8273857762766,201.9852521343759,212.8881155599215,215.1424698598058,211.2667926909168,193.6607754451723,199.7956052834719,189.9629773774899,173.8371810808789,184.8460904095556,175.0301717965697,167.576969938648,168.6149674632271,175.729060189592,173.7461500013099,169.3300659572023,165.0916200493858,174.3819349150162,168.4012340958123,142.7947914618334,157.6404231057726,166.0622417085916
33,North Carolina,97.30685464707608,99.22128840304487,104.4916000319736,109.0456630424753,104.287575231187,95.23357277799295,106.0223022488305,108.1954106645145,103.123083308936,110.7165836153048,112.6854767522349,112.6051957088157,108.2990585349829,107.7340119581891,109.3161483341294,107.2868101326638,112.5281172832317,107.6202316713388,111.8955457273027,115.8202926646945,111.2166522520165,110.9027797979031,121.4526079393834,126.7946091904111,121.8632030163511,128.2971325050582,140.1749639838557,142.309010533436,142.031100612734,140.7336523323815,149.1092218373285,144.2750230030931,145.6037107026598,147.2211857585661,150.1482827617778,154.1696889898463,148.5727183167691,154.4209001384406,149.0064425524847,132.8055357647387,147.0273409280922,132.397263713593,124.2479995860721,125.7535788551282,128.8335426237535,124.2825367771795,124.254025822936,120.5491963050069,123.6326090297003,122.1004981553339,106.0391185293726,115.156555043154,116.6089994732731
34,North Dakota,14.75680992073511,15.92197077345583,16.86727404094258,16.40030649655327,16.87784295715678,16.21682093149857,18.61905845481774,19.92282809789086,22.39412034326547,24.89243707080504,25.48657832798082,26.94020116580183,28.84468505026208,30.09699377153382,33.92319306624632,38.00671167757779,38.71598650854369,39.25271559027252,44.20270136243477,43.8739433517695,44.63082981618911,45.58519627005981,47.35231172398553,47.59203919557751,47.90094674800461,47.80094392695058,48.66993501155075,47.31492567078662,48.50846103385511,49.56408540818515,51.04819892489878,51.73064752723597,51.57565337996542,51.34941435790554,49.80046654723448,52.73944869088167,50.98489915728131,52.73918061153448,53.13852332410295,51.65384605191664,52.49382137290245,53.94735685171871,56.29717624639585,56.81134668790025,58.82004111215922,57.47251471609,54.46593377205189,56.39243730450988,58.74255176995258,56.68971475951722,55.42121666865158,56.11517306680952,57.02638987527673
35,Ohio,275.4866932321173,270.0503560612136,285.0870677354834,291.7672713525531,291.8817319168701,284.4134481820359,296.6613962561526,293.6527239065116,294.5974032545,293.0796208360794,270.8868388826518,264.341783048971,242.8114235260925,231.9198451321121,239.9837463892746,240.2357249201027,245.5088049961428,247.8990563060717,257.899918665931,258.077205637645,247.2170056612042,245.553676940046,250.1454623698374,253.8026695846453,250.0610222982082,252.5457844590918,265.4169165480824,261.1630178872405,260.4177767400766,259.5744641350884,266.5672945677767,256.7106859240998,262.4948339169329,270.3619267025562,265.5799185079882,271.7568089417711,265.1760200575006,271.1388304692043,264.58483541634,239.3082718799519,246.9528994862166,234.683702219184,214.4711280888068,227.2879826211961,228.9879958024654,210.3626573550618,204.3121612371924,204.0841439896581,208.0315895368519,195.8207637872605,184.7963478438537,193.1942281031825,196.1938368985595
36,Oklahoma,55.64523578180945,56.47346875241008,59.35330600787846,59.82266609783073,62.00541132390312,62.52731823988206,69.09650627667837,72.30688529610315,77.16787340547464,80.22871559422227,77.30732129430183,80.2953006951219,84.97823151459436,85.52576360308127,87.4064499140454,84.21995706751825,77.92096061803898,82.50274177680042,85.81480512767106,87.172305346342,87.8521617468697,89.17163840577128,92.2411511404992,95.21880038124966,93.41323960219721,94.58218677075104,97.2652510946072,98.54183941088158,97.04785692589394,96.10034758755589,100.1325638307928,101.4293883544428,101.5384328285199,104.0638038081755,99.61406739138565,106.3185990119796,109.1236726382647,109.3847450571527,111.9251628302755,106.0496496145404,105.7197332051601,106.6875892737237,104.4888145282923,102.5828362653875,104.0305531545813,99.81755854605814,95.51102265939943,92.79386583143645,97.92485858492455,90.92778768316059,83.64131348179266,87.3499872639983,87.08498002508436
37,Oregon,25.6417054674321,27.01140060590321,29.34703789646165,29.6591753210386,27.35866972171237,26.76944279951206,26.7026432280538,27.50155342291107,29.63684822001239,30.16632534059799,28.27054616352397,29.83871468954507,28.92975483521617,25.71913744639998,27.29870030811569,26.88550590877031,26.40003584101472,27.63217463550473,29.48233265627705,30.56173804676116,30.79894942549374,34.4190885519428,35.6762208270423,35.14430274049337,36.80650783379706,34.13217678421326,36.22508082474002,35.86646459891068,41.57844411652401,43.08451575118374,41.52005837890876,40.62975783660878,39.08964721182025,39.78057915219813,40.71226245287993,41.06083124105872,40.27913925066509,43.66208672174603,42.57222941942715,40.70511918656023,40.54494821431823,36.90132838937241,36.57812738049955,38.76332952833487,37.59944403392333,37.62900900029675,37.33625245374309,38.47796931138457,39.28323766363819,41.58022407565777,37.22174235531831,38.2342914115335,37.61004401930877
38,Pennsylvania,306.8771814994424,303.5566751831831,315.1362280659302,325.7784032150492,305.1504920426641,291.3645332134534,308.6734782554231,303.0540906110254,302.7683267397696,316.2201574407595,294.3043657300776,271.1544793790689,240.7248661897443,246.0021392041001,262.7079312676851,250.9687416144967,246.02920464416,256.9728027434149,269.3821660414239,272.2294131715292,264.315198824039,257.0611967517738,265.2726416477249,269.5285656960546,266.7877913729342,269.631775175377,275.1050699719227,276.7859411469186,266.1236353425956,264.6977417340759,278.3891480509415,264.9408216416994,271.689638544099,276.0379006108377,278.9525919150193,281.306871969657,275.5575811422827,278.5316699087882,269.8517431378631,244.980749421499,255.9003424643247,249.4001828438897,239.380627568751,248.8874223656726,248.7675260475137,232.2484287901068,217.1637743466907,214.5101036261696,219.4047426461975,218.0301305091938,192.5428938224288,213.703422928085,213.510892492938
39,Rhode Island,13.12701765834329,13.56721187707628,13.49513385523475,12.54685628668487,11.53593601698428,10.50100769294474,10.62745339353434,11.00572159388871,10.12672855368439,9.268936982509324,8.350130565393782,7.718932910014408,7.40278760948004,7.650251306236454,8.469993388269092,8.4635527129386,9.508552786143305,9.834834384917563,10.31699786713391,9.24103706647403,8.87438340533095,10.73982307523605,12.95353128881857,10.80623607382659,12.75100898834054,12.02665594401109,13.46708578484869,13.56523427117807,13.77144506201942,13.12573205553169,11.76596494836173,12.2921319927055,11.71869709619667,11.57311784531192,10.97505475159631,11.20316596089011,10.52325327374252,11.06083604343965,10.64169798464393,11.2268111305945,10.99125180692075,10.99058298033516,10.47091876932547,10.04759505887752,10.50553649880595,10.77062018195297,9.554672336191066,9.931111743311815,11.02308291636266,10.33233031623201,9.791959376425226,10.64836005870063,10.17192924324851
40,South Carolina,42.23287665960766,44.09406782445886,46.90534517243979,48.87908666641416,45.72988523203713,42.6629378386652,50.65640218276982,54.15067672437849,53.18259633274155,52.86158175493141,55.15014071307125,55.77985797735777,52.41765137327454,49.72709503693933,53.15505046879858,54.07562789809757,54.35923512531566,58.16976636060213,61.52368064002723,60.89084781145694,61.05877516486148,62.19886506358328,61.46754416284718,65.89964707698492,66.04932566870151,65.12265318748591,69.39460850222014,71.43311132179264,74.91165114002432,78.55554287029263,81.96995706394404,80.34691194099256,81.65876660578532,82.61099213494434,90.11987717356014,88.40886254143916,89.16599130900772,89.32694319150033,86.88139567299739,81.92907258986587,85.77555972438789,80.99859047380768,74.30421975494865,69.9216665099579,74.41524449200116,73.04373914943162,71.77706754176522,69.51665808562981,73.72276754494312,69.00887868248964,63.1521067940323,68.94712254288137,67.2919720731397
41,South Dakota,9.357481955863587,9.302942865150852,9.6815917400392,9.448875976154678,9.165818572855528,10.89264729153093,12.48346936495667,12.30269029378804,12.91053720096343,12.69261052937501,11.5951990904777,10.9122257441815,11.40030357305442,10.4193359066037,10.83443727701929,11.06487669033284,10.69852542238953,9.439800052997228,11.51393156733305,11.73298232477645,11.77883878612585,11.60428138020021,11.71875060620257,12.27883392908825,12.9320503930715,12.73810326152257,12.72365285161976,13.24493776987837,12.80858968537827,13.4451204832136,14.22410005549421,13.49520196731554,13.76156104776667,13.7567671388881,13.7826236363688,13.28263211376609,13.37503676884117,13.84953804680366,14.92859224364053,14.65921935983699,15.05162485234121,14.55993036926103,14.83257520819146,15.26812359289105,15.28689654711762,14.03830073385257,14.67798966688705,14.53968478776457,15.41228571652081,15.8817728070942,14.83864573968381,15.05556430179402,15.63709947945664
42,Tennessee,77.9368957341766,76.3672158539281,87.01503636735282,98.69051970510101,90.33946283186904,89.71518501755698,102.014851815403,102.4765377959327,104.2368370902828,101.8013944587247,100.8050623880754,99.45020903613526,88.22444172473541,94.8947191423133,98.9770910197097,103.3691998129386,104.9059645457801,103.9172644578632,106.7896659172875,103.2650009963818,105.4241396524738,100.7044632601075,106.4644727591206,117.0464962155588,111.6415269822617,118.5281112251699,119.5826047366637,122.7511297420557,121.9455882488074,122.7532873383931,128.6784666874123,127.130424117775,126.1683049352977,124.9584436790515,126.9139969263941,128.0588159668876,129.8377658733772,128.9647527684805,122.4043754272297,101.7742565926584,109.1565059339003,105.2617765030916,98.78101889038531,96.84565729942669,102.1046951151261,98.22178077806326,100.7496913707416,96.82978541477615,93.27212739312526,91.72000641516306,82.76540488897804,92.0812941892963,91.11389513966301
43,Texas,359.9698885866546,376.9168153992351,399.2183497437949,435.8087767959119,428.4388228697874,407.4298667236612,422.8339936380195,461.8909212392334,493.272403056662,517.9762325188248,525.0848373432492,520.672655077424,493.2163314894754,490.8280973414901,507.8980936503557,513.4367535468156,508.8978137993873,516.2471971719405,547.2349926095916,565.678874153371,570.0624209016843,564.5288480951291,571.1106639141639,587.106296402752,586.5969751573228,589.9608745379909,635.2206440760735,649.123001394091,655.4455427700619,645.837173093921,672.5430911344524,666.2841814174312,676.9338440059953,669.867329270919,669.145440102571,643.6376017642625,647.8924798629588,645.7453830799144,623.250256807717,589.5467582599888,614.8686774799415,633.7096450134006,625.7139713426271,655.4050593009489,659.289461025592,652.3673826046231,653.1954585463229,661.2629494606729,681.0292688524581,680.6632499703085,624.5059794657025,662.0320471231994,663.0013912495393
44,Utah,24.4096830302914,25.52683499603136,25.79587536500457,28.25896257156973,29.62977443873099,31.01561877687222,30.78043004855795,31.98795412176558,34.12358252616505,36.70265259838393,35.95183537716634,33.77682531916846,32.23276739757311,33.51909378828917,35.8634884740888,36.88420549550868,35.8914221136033,44.53437028451876,51.65964891238417,52.26117609589492,54.46855001319566,53.39697665353344,55.0002459133531,56.70197690610298,57.75932839045802,57.98775523461499,58.79072713406394,61.11837557565551,63.54039486920732,62.41608227424379,65.3871288627335,63.17533826249013,62.52608694005039,63.5160287713191,65.9184578934539,67.48750566397244,68.74739340206405,70.68174625176316,69.77174910728897,65.01420101291095,63.95804689875846,64.33937284177205,61.52010155120242,66.28005944303544,65.09495475209302,63.40511612093101,58.55631620059414,58.77255920355645,61.00833225134664,61.29344740624222,57.11126963669732,61.99359030542685,60.05088451272957
45,Vermont,5.538684942424887,5.494819585524474,5.773372622708324,5.928265422287466,5.308070834626831,5.17218380579742,5.872077986370117,5.835436195830833,5.802649522175684,5.355550541812105,4.61327594786549,4.469383959755153,4.0549377098706,4.412024562657403,4.971267040445445,5.177460386078454,5.055731458266576,5.447403791694729,5.725466513678632,5.631882442696338,5.466526105703917,5.668849474257621,6.135557765930285,6.193967961120477,6.019367706759717,5.990927014606042,6.282664476577217,6.494663227937404,6.251623058588762,6.509999197448856,6.784148524658639,6.618403808259122,6.360864510818842,6.665346274412299,7.072842105305069,6.815629392759765,6.678228453479603,6.510392704354026,5.925522800526823,6.178754477958105,5.868021555738475,5.795088040950269,5.435747557809842,5.699589169065742,5.862814628042846,6.092666029428566,5.86840567826775,5.790905493772557,5.81774058962077,5.988229271716901,5.391040009117819,5.540452279733822,5.50568389579955
46,Virginia,86.63264213733514,87.43350785972088,88.69673728940184,89.58456899617393,84.99783992503235,81.17446076709363,86.11643678671318,87.39587972887222,84.7457732664492,89.52570900059239,81.8885486561855,78.33452359818993,74.82997511696614,77.28157765996383,83.1028969447308,82.57272343979712,87.49697017917184,93.99042680492188,97.18426810102976,100.2453930296641,95.17774058804599,96.27153051991884,97.56991206720697,101.747409441167,100.517750930783,102.9894824261345,107.7580575361939,109.9797262653179,111.8358329217331,113.8837011941486,123.2718822947441,120.80709959274,119.3020705391024,124.0645919859217,127.6880448182596,129.3640269525096,122.9909741249807,128.1484639781189,116.7369581887218,105.7433157430274,111.7642864768526,102.2824848940259,98.31039257754593,105.3290654075808,107.0105218320276,107.1360803626426,109.4571074313926,105.0239785848115,109.4865740174121,106.2363738057048,97.6103693480531,98.00469155221434,96.23394223467304
47,Washington,44.70689325789003,46.06585022522886,52.21254374487805,57.34497412631045,53.08954930706827,54.81694549457452,54.85891648735821,60.01532268814819,58.8324603880182,61.74363159628127,57.97772703368695,58.85545965684626,54.80841319692606,50.25456336288728,56.90529013572652,59.44748286576021,60.51021332921268,66.26412669092099,70.1705974674755,72.27179175376715,71.51104394484366,71.98827086880753,80.46427906453654,75.12407752166719,80.12583896361605,78.04376553198645,81.60116501616828,79.31984689641702,83.89558097198179,85.3044284441061,84.11785100369546,79.54582612307429,73.13654992713285,75.5519549808209,77.3892331787566,78.84321317532276,76.90466047203947,82.02890619449217,79.08638985876031,76.67759456133493,73.22755560381569,68.6721349564414,67.65030877668602,73.4860067570414,72.0994599131454,74.67211369686206,78.80844168819729,78.59492689307075,78.14359195047899,83.75872678387344,68.00105969665218,73.41411438534656,74.70189479965015
48,West Virginia,77.00984533199998,78.04008175776684,89.05071680039643,97.63430761467757,100.3514216567723,97.85937178727583,104.1896181183368,102.9623283405874,96.70418032083984,100.96470629489,102.4603719202685,104.0413158178571,95.85737280104036,97.42933854449377,105.5060661338792,102.2150657338845,101.6520671877113,102.0059960956005,106.8714100881117,109.5665630530101,103.3753236328331,95.80185991030086,97.988419031069,98.81848032325254,106.4507742177835,104.8708869718768,107.827581048658,111.1399865510267,115.2505948922282,116.387408304574,115.6808286143138,105.6148928152491,118.5407253535301,115.2896140880562,112.5088671313815,114.5405954344549,114.7769428734644,116.95416977402,112.695260890394,90.0937839141018,100.5472174752048,97.82722875862146,92.08353644167644,94.18348587128081,99.78386433423594,91.82989724352613,94.25424590941417,90.62764618149436,88.90197930831341,85.24963801172112,76.68182183397369,88.17005929292783,79.17968820179037
49,Wisconsin,88.25782707331832,84.84970336659183,84.33009609241095,85.52813740901766,82.14465510093983,80.887967703919,84.18373969607374,87.27565982455472,88.70038632787194,88.39837280692244,81.70674666972292,78.38166530288865,77.20229216328742,78.78719561771115,81.11533830161054,80.71656181945418,80.35915849484164,81.89840891426111,86.46077684841576,87.09096836814393,85.82197612868374,88.09713421352714,87.23946846487806,90.50296286648415,93.63956496695353,96.60328935725381,100.5792328843936,103.1098135949916,101.034851097003,105.3535700700514,107.7777021192823,105.8752642702082,107.0808232589945,105.5400562969154,107.6985942246265,110.8925264198334,103.1065161651493,104.7531563664407,105.238921655859,96.28808270135971,98.93091938199414,98.02268735184913,90.66936409394258,100.9748354015679,100.8865101249015,99.48173692772396,95.15348426235711,98.22146978735641,100.7469510508814,94.44744372446091,86.64313316742013,92.2908050574666,90.59183451941426
50,Wyoming,18.62375148215556,18.81302510657473,21.69385760593616,23.70735759315663,23.91505578366295,25.35050076660285,30.87575261252521,36.297953807238,37.13920083516268,42.02673490401028,41.06684684644611,45.07515986739222,46.49665293111193,42.13663065647765,46.35248955728646,50.5127874425588,43.16133261716366,53.27730710518205,55.48970027078036,53.60178488783904,57.21840815722872,55.52052348291021,61.19217996390858,58.19734316715154,60.38585156211687,58.17806129417849,59.61180570338073,59.04662989123288,63.92593994814076,62.50488483077285,63.45944495647896,63.70927274963717,62.46205647475342,64.4592186608967,64.38368342412144,63.68534463999679,64.47772495959009,66.80767050327977,67.22254049426122,63.9890605861179,65.57855337341869,64.3770082935536,66.64709776583135,68.78354734833927,65.75754225469527,63.91931578851164,61.03509025802622,62.58376249495294,63.6393228033272,58.89767304776942,55.3851651788875,54.41372744238107,56.18315723659823
